1,1343212,maintenance,605662,1073995974,dev,ALTER COLUMN ENCODE TYPE: copy data in 106432 from col=5 to col= 12;,2024-02-14 16:31:30.512005,2024-02-14 16:31:30.518451,0,0,3
1,1343338,maintenance,605719,1073995974,dev,ALTER COLUMN ENCODE TYPE: compare shadow col data in 106440 part primary_col= 3 shadow col= 12.,2024-02-14 16:31:39.268524,2024-02-14 16:31:39.287588,0,0,3
1,1347988,maintenance,607776,1073782983,dev,ALTER COLUMN ENCODE TYPE: copy data in 106432 from col=2 to col= 12;,2024-02-14 16:37:27.074544,2024-02-14 16:37:27.279398,0,0,3
1,1348046,maintenance,607779,1073782983,dev,ALTER COLUMN ENCODE TYPE: copy data in 106430 from col=6 to col= 11;,2024-02-14 16:37:34.410869,2024-02-14 16:37:34.41898,0,0,3
1,1348899,maintenance,608175,1073889492,dev,ALTER COLUMN ENCODE TYPE: compare shadow col data in 106440 part primary_col= 2 shadow col= 12.,2024-02-14 16:38:36.202209,2024-02-14 16:38:36.211956,0,0,3
1,1376924,maintenance,619879,1073963382,dev,Alter Distkey: copy data from 106432 to 244304.,2024-02-14 17:09:30.099071,2024-02-14 17:09:40.063454,0,0,0
1,1376954,maintenance,619879,1073963382,dev,Alter Distkey: rebuild rowids for table 244304 on temp table -244305.,2024-02-14 17:09:40.427776,2024-02-14 17:09:40.44707,0,0,3
1,1376958,maintenance,619879,1073963382,dev,"Alter Distkey: select count(*), max(insxid), min(insxid) from {table:244304} where delxid > 619865 and delxid != 619879;",2024-02-14 17:09:41.387314,2024-02-14 17:09:41.486201,0,0,3
1,1378584,maintenance,620803,1073807566,dev,Alter Distkey: redo delete from 106434 to 244442.,2024-02-14 17:14:06.113499,2024-02-14 17:14:06.3951,0,0,3
1,1378589,maintenance,620803,1073807566,dev,"Alter Distkey: select count(*), max(insxid), min(insxid) from {table:106434} where delxid > 620800 and delxid != 620803;",2024-02-14 17:14:08.403351,2024-02-14 17:14:08.461365,0,0,3
100,1072403,default,493185,1073741998,dev,"padb_fetch_sample: select l_orderkey, l_suppkey from volt_tt_61155ea2dc46f",2024-02-14 11:35:59.493013,2024-02-14 11:35:59.513307,0,0,3
100,1072414,default,493188,1073741998,dev,"select s_acctbal, s_name, n_name, p_partkey, p_mfgr, s_address, s_phone, s_comment from part, supplier, partsupp, nation, region where p_partkey = ps_partkey and s_suppkey = ps_suppkey and p_size = 48 and p_type like '%' || 'STEEL' and s_nationkey = n_nationkey and n_regionkey = r_regionkey and r_name = 'MIDDLE EAST' and ps_supplycost = ( select min(ps_supplycost) from partsupp, supplier, nation, region where p_partkey = ps_partkey and s_suppkey = ps_suppkey and s_nationkey = n_nationkey and n_regionkey = r_regionkey and r_name = 'MIDDLE EAST' ) order by s_acctbal desc, n_name, s_name, p_partkey limit 100;",2024-02-14 11:36:00.186561,2024-02-14 11:36:00.25084,0,0,0
100,1072426,default,493202,1073741998,dev,"select sum(l_extendedprice * l_discount) as revenue from lineitem where l_shipdate >= '1995-01-01'::date and l_shipdate < dateadd(year, 1, '1995-01-01'::date) and l_discount between (6::numeric(12,2) / 100) - 0.01 and (6::numeric(12,2) / 100) + 0.01 and l_quantity < 24;",2024-02-14 11:36:00.742826,2024-02-14 11:36:00.79413,0,0,0
100,1072438,default,493206,1073741998,dev,"select c_custkey, c_name, sum(l_extendedprice * (1 - l_discount)) as revenue, c_acctbal, n_name, c_address, c_phone, c_comment from customer, orders, lineitem, nation where c_custkey = o_custkey and l_orderkey = o_orderkey and o_orderdate >= '1995-01-01'::date and o_orderdate < add_months('1995-01-01'::date, 3) and l_returnflag = 'R' and c_nationkey = n_nationkey group by c_custkey, c_name, c_acctbal, c_phone, n_name, c_address, c_comment order by revenue desc limit 20;",2024-02-14 11:36:01.576643,2024-02-14 11:36:01.727736,0,0,0
100,1072450,default,493210,1073741998,dev,"select 100.00 * sum(case when p_type like 'PROMO%' then l_extendedprice * (1 - l_discount) else 0 end) / sum(l_extendedprice * (1 - l_discount)) as promo_revenue from lineitem, part where l_partkey = p_partkey and l_shipdate >= '1993-10-01'::date and l_shipdate < add_months('1993-10-01'::date, 1);",2024-02-14 11:36:02.321314,2024-02-14 11:36:02.347093,0,0,0
100,1072459,default,493212,1073741998,dev,"select p_brand, p_type, p_size, count(distinct ps_suppkey) as supplier_cnt from partsupp, part where p_partkey = ps_partkey and p_brand <> 'Brand#15' and p_type not like 'PROMO POLISHED' || '%' and p_size in (10, 38, 20, 7, 41, 9, 22, 28) and ps_suppkey not in ( select s_suppkey from supplier where s_comment like '%Customer%Complaints%' ) group by p_brand, p_type, p_size order by supplier_cnt desc, p_brand, p_type, p_size;",2024-02-14 11:36:02.592335,2024-02-14 11:36:02.692516,0,0,0
100,1072471,default,493216,1073741998,dev,CREATE TEMP TABLE volt_tt_61155ea76a875(p_partkey) AS SELECT public.part.p_partkey FROM public.part WHERE public.part.p_name LIKE 'navy' || '%';,2024-02-14 11:36:03.80609,2024-02-14 11:36:03.839903,0,0,0
100,1072478,default,493217,1073741998,dev,"padb_fetch_sample: select l_orderkey, l_suppkey, s_name from volt_tt_61155ea79fd28",2024-02-14 11:36:04.190734,2024-02-14 11:36:04.226129,0,0,3
100,1072486,default,493218,1073741998,dev,"select cntrycode, count(*) as numcust, sum(c_acctbal) as totacctbal from ( select substring(c_phone, 1, 2) as cntrycode, c_acctbal from customer where substring(c_phone, 1, 2) in (13, 17, 24, 22, 34, 31, 11) and c_acctbal > ( select avg(c_acctbal) from customer where c_acctbal > 0.00 and substring(c_phone, 1, 2) in (13, 17, 24, 22, 34, 31, 11) ) and not exists ( select * from orders where o_custkey = c_custkey ) ) as custsale group by cntrycode order by cntrycode;",2024-02-14 11:36:04.703708,2024-02-14 11:36:04.808617,0,0,0
100,1072498,default,493222,1073741998,dev,"select o_orderpriority, count(*) as order_count from orders where o_orderdate >= '1993-07-01'::date and o_orderdate < add_months('1993-07-01'::date, 3) and exists ( select * from lineitem where l_orderkey = o_orderkey and l_commitdate < l_receiptdate ) group by o_orderpriority order by o_orderpriority;",2024-02-14 11:36:05.432066,2024-02-14 11:36:05.542221,0,0,0
100,1072510,default,493229,1073741998,dev,"select o_year, sum(case when nation = 'INDIA' then volume else 0 end) / sum(volume) as mkt_share from ( select extract(year from o_orderdate) as o_year, l_extendedprice * (1 - l_discount) as volume, n2.n_name as nation from part, supplier, lineitem, orders, customer, nation n1, nation n2, region where p_partkey = l_partkey and s_suppkey = l_suppkey and l_orderkey = o_orderkey and o_custkey = c_custkey and c_nationkey = n1.n_nationkey and n1.n_regionkey = r_regionkey and r_name = 'ASIA' and s_nationkey = n2.n_nationkey and o_orderdate between date '1995-01-01' and date '1996-12-31' and p_type = 'STANDARD BURNISHED BRASS' ) as all_nations group by o_year order by o_year;",2024-02-14 11:36:06.044485,2024-02-14 11:36:06.159074,0,0,0
100,1072522,default,493233,1073741998,dev,"select l_shipmode, sum(case when o_orderpriority = '1-URGENT' or o_orderpriority = '2-HIGH' then 1 else 0 end) as high_line_count, sum(case when o_orderpriority <> '1-URGENT' and o_orderpriority <> '2-HIGH' then 1 else 0 end) as low_line_count from orders, lineitem where o_orderkey = l_orderkey and l_shipmode in ('MAIL', 'REG AIR') and l_commitdate < l_receiptdate and l_shipdate < l_commitdate and l_receiptdate >= '1993-01-01'::date and l_receiptdate < dateadd(year, 1, '1993-01-01'::date) group by l_shipmode order by l_shipmode;",2024-02-14 11:36:06.905045,2024-02-14 11:36:06.969623,0,0,0
100,1072532,default,493236,1073741998,dev,"padb_fetch_sample: select l_suppkey, col1 from volt_tt_61155eaadc8f0",2024-02-14 11:36:07.451176,2024-02-14 11:36:07.486204,0,0,3
1,1072545,metrics,493254,1073783057,dev,"select node_num,name,value from stv_fdisk_stats where name = 'blocks_rerepped_since_commit' or name = 'blocks_left_to_rerep' or name = 'seconds_since_last_commit'",2024-02-14 11:36:08.538237,2024-02-14 11:36:08.550566,0,0,6
100,1072552,default,493256,1073741998,dev,padb_fetch_sample: select p_partkey from volt_tt_61155eac351ee,2024-02-14 11:36:08.863114,2024-02-14 11:36:08.877215,0,0,3
100,1072560,default,493257,1073741998,dev,"CREATE TEMP TABLE volt_tt_61155eac6bd7c(l_orderkey, l_suppkey) AS (SELECT volt_tt_61155eac6b382.l_orderkey, volt_tt_61155eac6b382.l_suppkey FROM public.lineitem AS l2, volt_tt_61155eac6b382 WHERE l2.l_suppkey <> volt_tt_61155eac6b382.l_suppkey AND l2.l_orderkey = volt_tt_61155eac6b382.l_orderkey) EXCEPT DISTINCT (SELECT volt_tt_61155eac6b382.l_orderkey, volt_tt_61155eac6b382.l_suppkey FROM public.lineitem AS l3, volt_tt_61155eac6b382 WHERE l3.l_commitdate < l3.l_receiptdate AND l3.l_suppkey <> volt_tt_61155eac6b382.l_suppkey AND l3.l_orderkey = volt_tt_61155eac6b382.l_orderkey);",2024-02-14 11:36:09.284605,2024-02-14 11:36:09.514933,0,0,33
100,1072569,default,493259,1073741998,dev,"select l_returnflag, l_linestatus, sum(l_quantity) as sum_qty, sum(l_extendedprice) as sum_base_price, sum(l_extendedprice * (1 - l_discount)) as sum_disc_price, sum(l_extendedprice * (1 - l_discount) * (1 + l_tax)) as sum_charge, avg(l_quantity) as avg_qty, avg(l_extendedprice) as avg_price, avg(l_discount) as avg_disc, count(*) as count_order from lineitem where l_shipdate <= '1998-12-01'::date - 90::int group by l_returnflag, l_linestatus order by l_returnflag, l_linestatus;",2024-02-14 11:36:09.874863,2024-02-14 11:36:10.150214,0,0,0
100,1072581,default,493266,1073741998,dev,"select n_name, sum(l_extendedprice * (1 - l_discount)) as revenue from customer, orders, lineitem, supplier, nation, region where c_custkey = o_custkey and l_orderkey = o_orderkey and l_suppkey = s_suppkey and c_nationkey = s_nationkey and s_nationkey = n_nationkey and n_regionkey = r_regionkey and r_name = 'ASIA' and o_orderdate >= '1995-01-01'::date and o_orderdate < dateadd(year, 1, '1995-01-01'::date) group by n_name order by revenue desc;",2024-02-14 11:36:10.632539,2024-02-14 11:36:10.72857,0,0,0
100,1072593,default,493272,1073741998,dev,"select nation, o_year, sum(amount) as sum_profit from ( select n_name as nation, extract(year from o_orderdate) as o_year, l_extendedprice * (1 - l_discount) - ps_supplycost * l_quantity as amount from part, supplier, lineitem, partsupp, orders, nation where s_suppkey = l_suppkey and ps_suppkey = l_suppkey and ps_partkey = l_partkey and p_partkey = l_partkey and o_orderkey = l_orderkey and s_nationkey = n_nationkey and p_name like '%' || 'navy' || '%' ) as profit group by nation, o_year order by nation, o_year desc;",2024-02-14 11:36:11.202098,2024-02-14 11:36:11.658513,0,0,0
100,1072605,default,493276,1073741998,dev,"select c_count, count(*) as custdist from ( select c_custkey, count(o_orderkey) c_count from customer left outer join orders on c_custkey = o_custkey and o_comment not like '%' || 'special' || '%' || 'requests' || '%' group by c_custkey ) as c_orders group by c_count order by custdist desc, c_count desc;",2024-02-14 11:36:12.09644,2024-02-14 11:36:12.398296,0,0,0
100,1072614,default,493278,1073741998,dev,"with revenue as ( select l_suppkey as supplier_no, sum(l_extendedprice * (1 - l_discount)) as total_revenue from lineitem where l_shipdate >= '1994-05-01'::date and l_shipdate < add_months('1994-05-01'::date, 3) group by l_suppkey) select s_suppkey, s_name, s_address, s_phone, total_revenue from supplier, revenue where s_suppkey = supplier_no and total_revenue = ( select max(total_revenue) from revenue ) order by s_suppkey;",2024-02-14 11:36:12.61444,2024-02-14 11:36:12.632954,0,0,33
100,1072626,default,493282,1073741998,dev,"select sum(l_extendedprice* (1 - l_discount)) as revenue from lineitem, part where ( p_partkey = l_partkey and p_brand = 'Brand#32' and p_container in ('SM CASE', 'SM BOX', 'SM PACK', 'SM PKG') and l_quantity >= 3 and l_quantity <= 3 + 10 and p_size between 1 and 5 and l_shipmode in ('AIR', 'AIR REG') and l_shipinstruct = 'DELIVER IN PERSON' ) or ( p_partkey = l_partkey and p_brand = 'Brand#42' and p_container in ('MED BAG', 'MED BOX', 'MED PKG', 'MED PACK') and l_quantity >= 17 and l_quantity <= 17 + 10 and p_size between 1 and 10 and l_shipmode in ('AIR', 'AIR REG') and l_shipinstruct = 'DELIVER IN PERSON' ) or ( p_partkey = l_partkey and p_brand = 'Brand#55' and p_container in ('LG CASE', 'LG BOX', 'LG PACK', 'LG PKG') and l_quantity >= 27 and l_quantity <= 27 + 10 and p_size between 1 and 15 and l_shipmode in ('AIR', 'AIR REG') and l_shipinstruct = 'DELIVER IN PERSON' );",2024-02-14 11:36:13.828749,2024-02-14 11:36:13.892675,0,0,0
100,1072632,default,493283,1073741998,dev,"select s_name, s_address from supplier, nation where s_suppkey in ( select ps_suppkey from partsupp where ps_partkey in ( select p_partkey from part where p_name like 'honeydew' || '%' ) and ps_availqty > ( select 0.5 * sum(l_quantity) from lineitem where l_partkey = ps_partkey and l_suppkey = ps_suppkey and l_shipdate >= '1997-01-01'::date and l_shipdate < dateadd(year, 1, '1997-01-01'::date) ) ) and s_nationkey = n_nationkey and n_name = 'VIETNAM' order by s_name;",2024-02-14 11:36:14.04242,2024-02-14 11:36:14.102977,0,0,33
100,1072642,default,493304,1073741998,dev,"padb_fetch_sample: select l_orderkey, l_suppkey, s_name from volt_tt_61155eb1524b5",2024-02-14 11:36:14.369327,2024-02-14 11:36:14.403795,0,0,3
100,1072650,default,493305,1073741998,dev,"select cntrycode, count(*) as numcust, sum(c_acctbal) as totacctbal from ( select substring(c_phone, 1, 2) as cntrycode, c_acctbal from customer where substring(c_phone, 1, 2) in (11, 13, 25, 16, 22, 14, 19) and c_acctbal > ( select avg(c_acctbal) from customer where c_acctbal > 0.00 and substring(c_phone, 1, 2) in (11, 13, 25, 16, 22, 14, 19) ) and not exists ( select * from orders where o_custkey = c_custkey ) ) as custsale group by cntrycode order by cntrycode;",2024-02-14 11:36:14.851877,2024-02-14 11:36:14.974205,0,0,0
100,1072662,default,493312,1073741998,dev,"select o_orderpriority, count(*) as order_count from orders where o_orderdate >= '1995-09-01'::date and o_orderdate < add_months('1995-09-01'::date, 3) and exists ( select * from lineitem where l_orderkey = o_orderkey and l_commitdate < l_receiptdate ) group by o_orderpriority order by o_orderpriority;",2024-02-14 11:36:15.665011,2024-02-14 11:36:15.762525,0,0,0
100,1072674,default,493318,1073741998,dev,"select o_year, sum(case when nation = 'VIETNAM' then volume else 0 end) / sum(volume) as mkt_share from ( select extract(year from o_orderdate) as o_year, l_extendedprice * (1 - l_discount) as volume, n2.n_name as nation from part, supplier, lineitem, orders, customer, nation n1, nation n2, region where p_partkey = l_partkey and s_suppkey = l_suppkey and l_orderkey = o_orderkey and o_custkey = c_custkey and c_nationkey = n1.n_nationkey and n1.n_regionkey = r_regionkey and r_name = 'ASIA' and s_nationkey = n2.n_nationkey and o_orderdate between date '1995-01-01' and date '1996-12-31' and p_type = 'PROMO PLATED BRASS' ) as all_nations group by o_year order by o_year;",2024-02-14 11:36:16.248778,2024-02-14 11:36:16.354709,0,0,0
100,1072686,default,493322,1073741998,dev,"select l_shipmode, sum(case when o_orderpriority = '1-URGENT' or o_orderpriority = '2-HIGH' then 1 else 0 end) as high_line_count, sum(case when o_orderpriority <> '1-URGENT' and o_orderpriority <> '2-HIGH' then 1 else 0 end) as low_line_count from orders, lineitem where o_orderkey = l_orderkey and l_shipmode in ('MAIL', 'REG AIR') and l_commitdate < l_receiptdate and l_shipdate < l_commitdate and l_receiptdate >= '1995-01-01'::date and l_receiptdate < dateadd(year, 1, '1995-01-01'::date) group by l_shipmode order by l_shipmode;",2024-02-14 11:36:17.076749,2024-02-14 11:36:17.144233,0,0,0
100,1072696,default,493325,1073741998,dev,"padb_fetch_sample: select l_suppkey, col1 from volt_tt_61155eb4925b5",2024-02-14 11:36:17.630984,2024-02-14 11:36:17.665648,0,0,3
100,1072707,default,493328,1073741998,dev,"select c_name, c_custkey, o_orderkey, o_orderdate, o_totalprice, sum(l_quantity) from customer, orders, lineitem where o_orderkey in ( select l_orderkey from lineitem group by l_orderkey having sum(l_quantity) > 314 ) and c_custkey = o_custkey and o_orderkey = l_orderkey group by c_name, c_custkey, o_orderkey, o_orderdate, o_totalprice order by o_totalprice desc, o_orderdate limit 100;",2024-02-14 11:36:18.13579,2024-02-14 11:36:18.8655,0,0,0
100,1072716,default,493330,1073741998,dev,"select s_name, s_address from supplier, nation where s_suppkey in ( select ps_suppkey from partsupp where ps_partkey in ( select p_partkey from part where p_name like 'lemon' || '%' ) and ps_availqty > ( select 0.5 * sum(l_quantity) from lineitem where l_partkey = ps_partkey and l_suppkey = ps_suppkey and l_shipdate >= '1996-01-01'::date and l_shipdate < dateadd(year, 1, '1996-01-01'::date) ) ) and s_nationkey = n_nationkey and n_name = 'VIETNAM' order by s_name;",2024-02-14 11:36:19.108862,2024-02-14 11:36:19.164721,0,0,33
100,1072723,default,493331,1073741998,dev,"padb_fetch_sample: select l_orderkey, l_suppkey from volt_tt_61155eb6247cd",2024-02-14 11:36:19.720358,2024-02-14 11:36:19.74415,0,0,3
100,1072734,default,493339,1073741998,dev,"select s_acctbal, s_name, n_name, p_partkey, p_mfgr, s_address, s_phone, s_comment from part, supplier, partsupp, nation, region where p_partkey = ps_partkey and s_suppkey = ps_suppkey and p_size = 14 and p_type like '%' || 'COPPER' and s_nationkey = n_nationkey and n_regionkey = r_regionkey and r_name = 'MIDDLE EAST' and ps_supplycost = ( select min(ps_supplycost) from partsupp, supplier, nation, region where p_partkey = ps_partkey and s_suppkey = ps_suppkey and s_nationkey = n_nationkey and n_regionkey = r_regionkey and r_name = 'MIDDLE EAST' ) order by s_acctbal desc, n_name, s_name, p_partkey limit 100;",2024-02-14 11:36:20.398021,2024-02-14 11:36:20.458559,0,0,0
100,1072746,default,493353,1073741998,dev,"select sum(l_extendedprice * l_discount) as revenue from lineitem where l_shipdate >= '1995-01-01'::date and l_shipdate < dateadd(year, 1, '1995-01-01'::date) and l_discount between (3::numeric(12,2) / 100) - 0.01 and (3::numeric(12,2) / 100) + 0.01 and l_quantity < 24;",2024-02-14 11:36:20.934945,2024-02-14 11:36:20.984294,0,0,0
100,1072758,default,493357,1073741998,dev,"select c_custkey, c_name, sum(l_extendedprice * (1 - l_discount)) as revenue, c_acctbal, n_name, c_address, c_phone, c_comment from customer, orders, lineitem, nation where c_custkey = o_custkey and l_orderkey = o_orderkey and o_orderdate >= '1994-04-01'::date and o_orderdate < add_months('1994-04-01'::date, 3) and l_returnflag = 'R' and c_nationkey = n_nationkey group by c_custkey, c_name, c_acctbal, c_phone, n_name, c_address, c_comment order by revenue desc limit 20;",2024-02-14 11:36:21.905582,2024-02-14 11:36:22.059281,0,0,0
100,1072770,default,493361,1073741998,dev,"select 100.00 * sum(case when p_type like 'PROMO%' then l_extendedprice * (1 - l_discount) else 0 end) / sum(l_extendedprice * (1 - l_discount)) as promo_revenue from lineitem, part where l_partkey = p_partkey and l_shipdate >= '1995-11-01'::date and l_shipdate < add_months('1995-11-01'::date, 1);",2024-02-14 11:36:22.638848,2024-02-14 11:36:22.660889,0,0,0
100,1072779,default,493363,1073741998,dev,"select p_brand, p_type, p_size, count(distinct ps_suppkey) as supplier_cnt from partsupp, part where p_partkey = ps_partkey and p_brand <> 'Brand#22' and p_type not like 'ECONOMY ANODIZED' || '%' and p_size in (33, 11, 45, 36, 28, 6, 24, 30) and ps_suppkey not in ( select s_suppkey from supplier where s_comment like '%Customer%Complaints%' ) group by p_brand, p_type, p_size order by supplier_cnt desc, p_brand, p_type, p_size;",2024-02-14 11:36:22.903957,2024-02-14 11:36:23.009678,0,0,0
100,1072791,default,493367,1073741998,dev,CREATE TEMP TABLE volt_tt_61155ebad4003(p_partkey) AS SELECT public.part.p_partkey FROM public.part WHERE public.part.p_name LIKE 'chiffon' || '%';,2024-02-14 11:36:24.16122,2024-02-14 11:36:24.194914,0,0,0
100,1072798,default,493368,1073741998,dev,"padb_fetch_sample: select l_orderkey, l_suppkey, s_name from volt_tt_61155ebb0a489",2024-02-14 11:36:24.558711,2024-02-14 11:36:24.594206,0,0,3
100,1072806,default,493369,1073741998,dev,"select cntrycode, count(*) as numcust, sum(c_acctbal) as totacctbal from ( select substring(c_phone, 1, 2) as cntrycode, c_acctbal from customer where substring(c_phone, 1, 2) in (14, 15, 27, 16, 21, 17, 20) and c_acctbal > ( select avg(c_acctbal) from customer where c_acctbal > 0.00 and substring(c_phone, 1, 2) in (14, 15, 27, 16, 21, 17, 20) ) and not exists ( select * from orders where o_custkey = c_custkey ) ) as custsale group by cntrycode order by cntrycode;",2024-02-14 11:36:25.077267,2024-02-14 11:36:25.19263,0,0,0
100,1072818,default,493376,1073741998,dev,"select o_orderpriority, count(*) as order_count from orders where o_orderdate >= '1994-08-01'::date and o_orderdate < add_months('1994-08-01'::date, 3) and exists ( select * from lineitem where l_orderkey = o_orderkey and l_commitdate < l_receiptdate ) group by o_orderpriority order by o_orderpriority;",2024-02-14 11:36:25.805808,2024-02-14 11:36:25.914235,0,0,0
100,1072830,default,493380,1073741998,dev,"select o_year, sum(case when nation = 'JORDAN' then volume else 0 end) / sum(volume) as mkt_share from ( select extract(year from o_orderdate) as o_year, l_extendedprice * (1 - l_discount) as volume, n2.n_name as nation from part, supplier, lineitem, orders, customer, nation n1, nation n2, region where p_partkey = l_partkey and s_suppkey = l_suppkey and l_orderkey = o_orderkey and o_custkey = c_custkey and c_nationkey = n1.n_nationkey and n1.n_regionkey = r_regionkey and r_name = 'MIDDLE EAST' and s_nationkey = n2.n_nationkey and o_orderdate between date '1995-01-01' and date '1996-12-31' and p_type = 'MEDIUM PLATED NICKEL' ) as all_nations group by o_year order by o_year;",2024-02-14 11:36:26.406348,2024-02-14 11:36:26.500235,0,0,0
100,1072842,default,493384,1073741998,dev,"select l_shipmode, sum(case when o_orderpriority = '1-URGENT' or o_orderpriority = '2-HIGH' then 1 else 0 end) as high_line_count, sum(case when o_orderpriority <> '1-URGENT' and o_orderpriority <> '2-HIGH' then 1 else 0 end) as low_line_count from orders, lineitem where o_orderkey = l_orderkey and l_shipmode in ('FOB', 'REG AIR') and l_commitdate < l_receiptdate and l_shipdate < l_commitdate and l_receiptdate >= '1996-01-01'::date and l_receiptdate < dateadd(year, 1, '1996-01-01'::date) group by l_shipmode order by l_shipmode;",2024-02-14 11:36:27.26502,2024-02-14 11:36:27.321933,0,0,0
100,1072852,default,493387,1073741998,dev,"padb_fetch_sample: select l_suppkey, col1 from volt_tt_61155ebe44c75",2024-02-14 11:36:27.800247,2024-02-14 11:36:27.835123,0,0,3
100,1072863,default,493390,1073741998,dev,"select c_name, c_custkey, o_orderkey, o_orderdate, o_totalprice, sum(l_quantity) from customer, orders, lineitem where o_orderkey in ( select l_orderkey from lineitem group by l_orderkey having sum(l_quantity) > 314 ) and c_custkey = o_custkey and o_orderkey = l_orderkey group by c_name, c_custkey, o_orderkey, o_orderdate, o_totalprice order by o_totalprice desc, o_orderdate limit 100;",2024-02-14 11:36:28.300656,2024-02-14 11:36:28.981626,0,0,0
100,1072872,default,493392,1073741998,dev,"select s_name, s_address from supplier, nation where s_suppkey in ( select ps_suppkey from partsupp where ps_partkey in ( select p_partkey from part where p_name like 'slate' || '%' ) and ps_availqty > ( select 0.5 * sum(l_quantity) from lineitem where l_partkey = ps_partkey and l_suppkey = ps_suppkey and l_shipdate >= '1993-01-01'::date and l_shipdate < dateadd(year, 1, '1993-01-01'::date) ) ) and s_nationkey = n_nationkey and n_name = 'ETHIOPIA' order by s_name;",2024-02-14 11:36:29.251835,2024-02-14 11:36:29.305711,0,0,33
100,1072879,default,493393,1073741998,dev,"padb_fetch_sample: select l_orderkey, l_suppkey from volt_tt_61155ebfd0ccd",2024-02-14 11:36:29.845042,2024-02-14 11:36:29.864518,0,0,3
100,1072890,default,493396,1073741998,dev,"select s_acctbal, s_name, n_name, p_partkey, p_mfgr, s_address, s_phone, s_comment from part, supplier, partsupp, nation, region where p_partkey = ps_partkey and s_suppkey = ps_suppkey and p_size = 11 and p_type like '%' || 'STEEL' and s_nationkey = n_nationkey and n_regionkey = r_regionkey and r_name = 'ASIA' and ps_supplycost = ( select min(ps_supplycost) from partsupp, supplier, nation, region where p_partkey = ps_partkey and s_suppkey = ps_suppkey and s_nationkey = n_nationkey and n_regionkey = r_regionkey and r_name = 'ASIA' ) order by s_acctbal desc, n_name, s_name, p_partkey limit 100;",2024-02-14 11:36:30.525219,2024-02-14 11:36:30.583287,0,0,0
100,1072902,default,493403,1073741998,dev,"select sum(l_extendedprice * l_discount) as revenue from lineitem where l_shipdate >= '1993-01-01'::date and l_shipdate < dateadd(year, 1, '1993-01-01'::date) and l_discount between (8::numeric(12,2) / 100) - 0.01 and (8::numeric(12,2) / 100) + 0.01 and l_quantity < 24;",2024-02-14 11:36:31.051753,2024-02-14 11:36:31.093591,0,0,0
100,1072914,default,493407,1073741998,dev,"select c_custkey, c_name, sum(l_extendedprice * (1 - l_discount)) as revenue, c_acctbal, n_name, c_address, c_phone, c_comment from customer, orders, lineitem, nation where c_custkey = o_custkey and l_orderkey = o_orderkey and o_orderdate >= '1993-06-01'::date and o_orderdate < add_months('1993-06-01'::date, 3) and l_returnflag = 'R' and c_nationkey = n_nationkey group by c_custkey, c_name, c_acctbal, c_phone, n_name, c_address, c_comment order by revenue desc limit 20;",2024-02-14 11:36:31.961892,2024-02-14 11:36:32.113851,0,0,0
100,1072926,default,493411,1073741998,dev,"select 100.00 * sum(case when p_type like 'PROMO%' then l_extendedprice * (1 - l_discount) else 0 end) / sum(l_extendedprice * (1 - l_discount)) as promo_revenue from lineitem, part where l_partkey = p_partkey and l_shipdate >= '1997-06-01'::date and l_shipdate < add_months('1997-06-01'::date, 1);",2024-02-14 11:36:32.696112,2024-02-14 11:36:32.719296,0,0,0
100,1072935,default,493413,1073741998,dev,"select p_brand, p_type, p_size, count(distinct ps_suppkey) as supplier_cnt from partsupp, part where p_partkey = ps_partkey and p_brand <> 'Brand#13' and p_type not like 'ECONOMY PLATED' || '%' and p_size in (17, 50, 33, 31, 7, 1, 13, 25) and ps_suppkey not in ( select s_suppkey from supplier where s_comment like '%Customer%Complaints%' ) group by p_brand, p_type, p_size order by supplier_cnt desc, p_brand, p_type, p_size;",2024-02-14 11:36:32.957672,2024-02-14 11:36:33.058323,0,0,0
100,1072947,default,493417,1073741998,dev,CREATE TEMP TABLE volt_tt_61155ec4624be(p_partkey) AS SELECT public.part.p_partkey FROM public.part WHERE public.part.p_name LIKE 'tomato' || '%';,2024-02-14 11:36:34.181122,2024-02-14 11:36:34.209676,0,0,0
100,1072953,default,493418,1073741998,dev,"CREATE TEMP TABLE volt_tt_61155ec4971d0(l_orderkey, l_suppkey, s_name) AS SELECT l1.l_orderkey, l1.l_suppkey, public.supplier.s_name FROM public.lineitem AS l1, public.nation, public.orders, public.supplier WHERE l1.l_commitdate < l1.l_receiptdate AND l1.l_orderkey = public.orders.o_orderkey AND l1.l_suppkey = public.supplier.s_suppkey AND public.nation.n_name = 'MOROCCO' AND public.nation.n_nationkey = public.supplier.s_nationkey AND public.orders.o_orderstatus = 'F';",2024-02-14 11:36:34.408394,2024-02-14 11:36:34.558588,0,0,0
100,1072961,default,493418,1073741998,dev,"select s_name, count(*) as numwait from supplier, lineitem l1, orders, nation where s_suppkey = l1.l_suppkey and o_orderkey = l1.l_orderkey and o_orderstatus = 'F' and l1.l_receiptdate > l1.l_commitdate and exists ( select * from lineitem l2 where l2.l_orderkey = l1.l_orderkey and l2.l_suppkey <> l1.l_suppkey ) and not exists ( select * from lineitem l3 where l3.l_orderkey = l1.l_orderkey and l3.l_suppkey <> l1.l_suppkey and l3.l_receiptdate > l3.l_commitdate ) and s_nationkey = n_nationkey and n_name = 'MOROCCO' group by s_name order by numwait desc, s_name limit 100;",2024-02-14 11:36:34.891239,2024-02-14 11:36:34.910007,0,0,33
100,1072973,default,493442,1073741998,dev,"select l_orderkey, sum(l_extendedprice * (1 - l_discount)) as revenue, o_orderdate, o_shippriority from customer, orders, lineitem where c_mktsegment = 'MACHINERY' and c_custkey = o_custkey and l_orderkey = o_orderkey and o_orderdate < '1995-03-23'::date and l_shipdate > '1995-03-23'::date group by l_orderkey, o_orderdate, o_shippriority order by revenue desc, o_orderdate limit 10;",2024-02-14 11:36:35.630252,2024-02-14 11:36:35.712162,0,0,0
100,1072985,default,493446,1073741998,dev,"select supp_nation, cust_nation, l_year, sum(volume) as revenue from ( select n1.n_name as supp_nation, n2.n_name as cust_nation, extract(year from l_shipdate) as l_year, l_extendedprice * (1 - l_discount) as volume from supplier, lineitem, orders, customer, nation n1, nation n2 where s_suppkey = l_suppkey and o_orderkey = l_orderkey and c_custkey = o_custkey and s_nationkey = n1.n_nationkey and c_nationkey = n2.n_nationkey and ( (n1.n_name = 'ROMANIA' and n2.n_name = 'KENYA') or (n1.n_name = 'KENYA' and n2.n_name = 'ROMANIA') ) and l_shipdate between date '1995-01-01' and date '1996-12-31' ) as shipping group by supp_nation, cust_nation, l_year order by supp_nation, cust_nation, l_year;",2024-02-14 11:36:36.142589,2024-02-14 11:36:36.251965,0,0,0
100,1072997,default,493450,1073741998,dev,"select ps_partkey, sum(ps_supplycost * ps_availqty) as ""value"" from partsupp, supplier, nation where ps_suppkey = s_suppkey and s_nationkey = n_nationkey and n_name = 'JAPAN' group by ps_partkey having sum(ps_supplycost * ps_availqty) > ( select sum(ps_supplycost * ps_availqty) * (0.0001 / 3) from partsupp, supplier, nation where ps_suppkey = s_suppkey and s_nationkey = n_nationkey and n_name = 'JAPAN' ) order by ""value"" desc;",2024-02-14 11:36:37.030725,2024-02-14 11:36:37.076134,0,0,0
100,1073009,default,493454,1073741998,dev,"CREATE TEMP TABLE volt_tt_61155ec7ac91e(l_suppkey, col1) AS SELECT public.lineitem.l_suppkey, SUM(public.lineitem.l_extendedprice * (1 - public.lineitem.l_discount)) FROM public.lineitem WHERE public.lineitem.l_shipdate < add_months( date '1996-12-01', 3 ) AND public.lineitem.l_shipdate >= date '1996-12-01' GROUP BY 1;",2024-02-14 11:36:37.635588,2024-02-14 11:36:37.661293,0,0,0
100,1073018,default,493456,1073741998,dev,"select sum(l_extendedprice) / 7.0 as avg_yearly from lineitem, part where p_partkey = l_partkey and p_brand = 'Brand#12' and p_container = 'LG BAG' and l_quantity < ( select 0.2 * avg(l_quantity) from lineitem where l_partkey = p_partkey );",2024-02-14 11:36:38.043096,2024-02-14 11:36:38.136454,0,0,0
100,1073028,default,493459,1073741998,dev,padb_fetch_sample: select p_partkey from volt_tt_61155ec916489,2024-02-14 11:36:39.140126,2024-02-14 11:36:39.151456,0,0,3
100,1073036,default,493460,1073741998,dev,"CREATE TEMP TABLE volt_tt_61155ec94a33a(l_orderkey, l_suppkey) AS (SELECT volt_tt_61155ec949926.l_orderkey, volt_tt_61155ec949926.l_suppkey FROM public.lineitem AS l2, volt_tt_61155ec949926 WHERE l2.l_suppkey <> volt_tt_61155ec949926.l_suppkey AND l2.l_orderkey = volt_tt_61155ec949926.l_orderkey) EXCEPT DISTINCT (SELECT volt_tt_61155ec949926.l_orderkey, volt_tt_61155ec949926.l_suppkey FROM public.lineitem AS l3, volt_tt_61155ec949926 WHERE l3.l_commitdate < l3.l_receiptdate AND l3.l_suppkey <> volt_tt_61155ec949926.l_suppkey AND l3.l_orderkey = volt_tt_61155ec949926.l_orderkey);",2024-02-14 11:36:39.566248,2024-02-14 11:36:39.794631,0,0,33
100,1073045,default,493462,1073741998,dev,"select l_returnflag, l_linestatus, sum(l_quantity) as sum_qty, sum(l_extendedprice) as sum_base_price, sum(l_extendedprice * (1 - l_discount)) as sum_disc_price, sum(l_extendedprice * (1 - l_discount) * (1 + l_tax)) as sum_charge, avg(l_quantity) as avg_qty, avg(l_extendedprice) as avg_price, avg(l_discount) as avg_disc, count(*) as count_order from lineitem where l_shipdate <= '1998-12-01'::date - 63::int group by l_returnflag, l_linestatus order by l_returnflag, l_linestatus;",2024-02-14 11:36:40.140554,2024-02-14 11:36:40.389148,0,0,0
100,1073057,default,493469,1073741998,dev,"select n_name, sum(l_extendedprice * (1 - l_discount)) as revenue from customer, orders, lineitem, supplier, nation, region where c_custkey = o_custkey and l_orderkey = o_orderkey and l_suppkey = s_suppkey and c_nationkey = s_nationkey and s_nationkey = n_nationkey and n_regionkey = r_regionkey and r_name = 'MIDDLE EAST' and o_orderdate >= '1996-01-01'::date and o_orderdate < dateadd(year, 1, '1996-01-01'::date) group by n_name order by revenue desc;",2024-02-14 11:36:40.86373,2024-02-14 11:36:40.9612,0,0,0
100,1073069,default,493473,1073741998,dev,"select nation, o_year, sum(amount) as sum_profit from ( select n_name as nation, extract(year from o_orderdate) as o_year, l_extendedprice * (1 - l_discount) - ps_supplycost * l_quantity as amount from part, supplier, lineitem, partsupp, orders, nation where s_suppkey = l_suppkey and ps_suppkey = l_suppkey and ps_partkey = l_partkey and p_partkey = l_partkey and o_orderkey = l_orderkey and s_nationkey = n_nationkey and p_name like '%' || 'saddle' || '%' ) as profit group by nation, o_year order by nation, o_year desc;",2024-02-14 11:36:41.4246,2024-02-14 11:36:41.770682,0,0,0
100,1073081,default,493479,1073741998,dev,"select c_count, count(*) as custdist from ( select c_custkey, count(o_orderkey) c_count from customer left outer join orders on c_custkey = o_custkey and o_comment not like '%' || 'unusual' || '%' || 'requests' || '%' group by c_custkey ) as c_orders group by c_count order by custdist desc, c_count desc;",2024-02-14 11:36:42.23785,2024-02-14 11:36:42.53884,0,0,0
100,1073090,default,493481,1073741998,dev,"with revenue as ( select l_suppkey as supplier_no, sum(l_extendedprice * (1 - l_discount)) as total_revenue from lineitem where l_shipdate >= '1997-08-01'::date and l_shipdate < add_months('1997-08-01'::date, 3) group by l_suppkey) select s_suppkey, s_name, s_address, s_phone, total_revenue from supplier, revenue where s_suppkey = supplier_no and total_revenue = ( select max(total_revenue) from revenue ) order by s_suppkey;",2024-02-14 11:36:42.744183,2024-02-14 11:36:42.76192,0,0,33
100,1073102,default,493485,1073741998,dev,"select sum(l_extendedprice* (1 - l_discount)) as revenue from lineitem, part where ( p_partkey = l_partkey and p_brand = 'Brand#13' and p_container in ('SM CASE', 'SM BOX', 'SM PACK', 'SM PKG') and l_quantity >= 5 and l_quantity <= 5 + 10 and p_size between 1 and 5 and l_shipmode in ('AIR', 'AIR REG') and l_shipinstruct = 'DELIVER IN PERSON' ) or ( p_partkey = l_partkey and p_brand = 'Brand#32' and p_container in ('MED BAG', 'MED BOX', 'MED PKG', 'MED PACK') and l_quantity >= 12 and l_quantity <= 12 + 10 and p_size between 1 and 10 and l_shipmode in ('AIR', 'AIR REG') and l_shipinstruct = 'DELIVER IN PERSON' ) or ( p_partkey = l_partkey and p_brand = 'Brand#13' and p_container in ('LG CASE', 'LG BOX', 'LG PACK', 'LG PKG') and l_quantity >= 21 and l_quantity <= 21 + 10 and p_size between 1 and 15 and l_shipmode in ('AIR', 'AIR REG') and l_shipinstruct = 'DELIVER IN PERSON' );",2024-02-14 11:36:44.075167,2024-02-14 11:36:44.131152,0,0,0
1,1073113,metrics,493492,1073938825,dev,select sum(value) from stv_fdisk_stats where name = 'blocks_allocated_permanent',2024-02-14 11:36:44.523503,2024-02-14 11:36:44.537539,0,0,6
100,1073118,default,493487,1073741998,dev,"CREATE TEMP TABLE volt_tt_61155ece27cc6(l_orderkey, l_suppkey) AS (SELECT volt_tt_61155ece272ee.l_orderkey, volt_tt_61155ece272ee.l_suppkey FROM public.lineitem AS l2, volt_tt_61155ece272ee WHERE l2.l_suppkey <> volt_tt_61155ece272ee.l_suppkey AND l2.l_orderkey = volt_tt_61155ece272ee.l_orderkey) EXCEPT DISTINCT (SELECT volt_tt_61155ece272ee.l_orderkey, volt_tt_61155ece272ee.l_suppkey FROM public.lineitem AS l3, volt_tt_61155ece272ee WHERE l3.l_commitdate < l3.l_receiptdate AND l3.l_suppkey <> volt_tt_61155ece272ee.l_suppkey AND l3.l_orderkey = volt_tt_61155ece272ee.l_orderkey);",2024-02-14 11:36:44.6775,2024-02-14 11:36:44.903313,0,0,33
100,1073127,default,493499,1073741998,dev,"select l_returnflag, l_linestatus, sum(l_quantity) as sum_qty, sum(l_extendedprice) as sum_base_price, sum(l_extendedprice * (1 - l_discount)) as sum_disc_price, sum(l_extendedprice * (1 - l_discount) * (1 + l_tax)) as sum_charge, avg(l_quantity) as avg_qty, avg(l_extendedprice) as avg_price, avg(l_discount) as avg_disc, count(*) as count_order from lineitem where l_shipdate <= '1998-12-01'::date - 100::int group by l_returnflag, l_linestatus order by l_returnflag, l_linestatus;",2024-02-14 11:36:45.267262,2024-02-14 11:36:45.513242,0,0,0
100,1073139,default,493506,1073741998,dev,"select n_name, sum(l_extendedprice * (1 - l_discount)) as revenue from customer, orders, lineitem, supplier, nation, region where c_custkey = o_custkey and l_orderkey = o_orderkey and l_suppkey = s_suppkey and c_nationkey = s_nationkey and s_nationkey = n_nationkey and n_regionkey = r_regionkey and r_name = 'AMERICA' and o_orderdate >= '1994-01-01'::date and o_orderdate < dateadd(year, 1, '1994-01-01'::date) group by n_name order by revenue desc;",2024-02-14 11:36:46.012138,2024-02-14 11:36:46.11348,0,0,0
100,1073151,default,493510,1073741998,dev,"select nation, o_year, sum(amount) as sum_profit from ( select n_name as nation, extract(year from o_orderdate) as o_year, l_extendedprice * (1 - l_discount) - ps_supplycost * l_quantity as amount from part, supplier, lineitem, partsupp, orders, nation where s_suppkey = l_suppkey and ps_suppkey = l_suppkey and ps_partkey = l_partkey and p_partkey = l_partkey and o_orderkey = l_orderkey and s_nationkey = n_nationkey and p_name like '%' || 'midnight' || '%' ) as profit group by nation, o_year order by nation, o_year desc;",2024-02-14 11:36:46.612138,2024-02-14 11:36:46.923626,0,0,0
100,1073163,default,493514,1073741998,dev,"select c_count, count(*) as custdist from ( select c_custkey, count(o_orderkey) c_count from customer left outer join orders on c_custkey = o_custkey and o_comment not like '%' || 'pending' || '%' || 'deposits' || '%' group by c_custkey ) as c_orders group by c_count order by custdist desc, c_count desc;",2024-02-14 11:36:47.363954,2024-02-14 11:36:47.703664,0,0,0
100,1073172,default,493516,1073741998,dev,"with revenue as ( select l_suppkey as supplier_no, sum(l_extendedprice * (1 - l_discount)) as total_revenue from lineitem where l_shipdate >= '1995-07-01'::date and l_shipdate < add_months('1995-07-01'::date, 3) group by l_suppkey) select s_suppkey, s_name, s_address, s_phone, total_revenue from supplier, revenue where s_suppkey = supplier_no and total_revenue = ( select max(total_revenue) from revenue ) order by s_suppkey;",2024-02-14 11:36:47.907906,2024-02-14 11:36:47.923911,0,0,33
100,1073184,default,493520,1073741998,dev,"select sum(l_extendedprice* (1 - l_discount)) as revenue from lineitem, part where ( p_partkey = l_partkey and p_brand = 'Brand#52' and p_container in ('SM CASE', 'SM BOX', 'SM PACK', 'SM PKG') and l_quantity >= 10 and l_quantity <= 10 + 10 and p_size between 1 and 5 and l_shipmode in ('AIR', 'AIR REG') and l_shipinstruct = 'DELIVER IN PERSON' ) or ( p_partkey = l_partkey and p_brand = 'Brand#25' and p_container in ('MED BAG', 'MED BOX', 'MED PKG', 'MED PACK') and l_quantity >= 20 and l_quantity <= 20 + 10 and p_size between 1 and 10 and l_shipmode in ('AIR', 'AIR REG') and l_shipinstruct = 'DELIVER IN PERSON' ) or ( p_partkey = l_partkey and p_brand = 'Brand#42' and p_container in ('LG CASE', 'LG BOX', 'LG PACK', 'LG PKG') and l_quantity >= 25 and l_quantity <= 25 + 10 and p_size between 1 and 15 and l_shipmode in ('AIR', 'AIR REG') and l_shipinstruct = 'DELIVER IN PERSON' );",2024-02-14 11:36:49.19035,2024-02-14 11:36:49.250487,0,0,0
100,1073193,default,493522,1073741998,dev,"CREATE TEMP TABLE volt_tt_61155ed306927(l_orderkey, l_suppkey, s_name) AS SELECT l1.l_orderkey, l1.l_suppkey, public.supplier.s_name FROM public.lineitem AS l1, public.nation, public.orders, public.supplier WHERE l1.l_commitdate < l1.l_receiptdate AND l1.l_orderkey = public.orders.o_orderkey AND l1.l_suppkey = public.supplier.s_suppkey AND public.nation.n_name = 'VIETNAM' AND public.nation.n_nationkey = public.supplier.s_nationkey AND public.orders.o_orderstatus = 'F';",2024-02-14 11:36:49.545234,2024-02-14 11:36:49.706384,0,0,0
100,1073199,default,493522,1073741998,dev,"select s_name, count(*) as numwait from supplier, lineitem l1, orders, nation where s_suppkey = l1.l_suppkey and o_orderkey = l1.l_orderkey and o_orderstatus = 'F' and l1.l_receiptdate > l1.l_commitdate and exists ( select * from lineitem l2 where l2.l_orderkey = l1.l_orderkey and l2.l_suppkey <> l1.l_suppkey ) and not exists ( select * from lineitem l3 where l3.l_orderkey = l1.l_orderkey and l3.l_suppkey <> l1.l_suppkey and l3.l_receiptdate > l3.l_commitdate ) and s_nationkey = n_nationkey and n_name = 'VIETNAM' group by s_name order by numwait desc, s_name limit 100;",2024-02-14 11:36:50.044275,2024-02-14 11:36:50.06253,0,0,33
100,1073211,default,493529,1073741998,dev,"select l_orderkey, sum(l_extendedprice * (1 - l_discount)) as revenue, o_orderdate, o_shippriority from customer, orders, lineitem where c_mktsegment = 'FURNITURE' and c_custkey = o_custkey and l_orderkey = o_orderkey and o_orderdate < '1995-03-17'::date and l_shipdate > '1995-03-17'::date group by l_orderkey, o_orderdate, o_shippriority order by revenue desc, o_orderdate limit 10;",2024-02-14 11:36:50.828949,2024-02-14 11:36:50.91927,0,0,0
100,1073223,default,493533,1073741998,dev,"select supp_nation, cust_nation, l_year, sum(volume) as revenue from ( select n1.n_name as supp_nation, n2.n_name as cust_nation, extract(year from l_shipdate) as l_year, l_extendedprice * (1 - l_discount) as volume from supplier, lineitem, orders, customer, nation n1, nation n2 where s_suppkey = l_suppkey and o_orderkey = l_orderkey and c_custkey = o_custkey and s_nationkey = n1.n_nationkey and c_nationkey = n2.n_nationkey and ( (n1.n_name = 'ROMANIA' and n2.n_name = 'UNITED KINGDOM') or (n1.n_name = 'UNITED KINGDOM' and n2.n_name = 'ROMANIA') ) and l_shipdate between date '1995-01-01' and date '1996-12-31' ) as shipping group by supp_nation, cust_nation, l_year order by supp_nation, cust_nation, l_year;",2024-02-14 11:36:51.373356,2024-02-14 11:36:51.519523,0,0,0
100,1073235,default,493537,1073741998,dev,"select ps_partkey, sum(ps_supplycost * ps_availqty) as ""value"" from partsupp, supplier, nation where ps_suppkey = s_suppkey and s_nationkey = n_nationkey and n_name = 'GERMANY' group by ps_partkey having sum(ps_supplycost * ps_availqty) > ( select sum(ps_supplycost * ps_availqty) * (0.0001 / 3) from partsupp, supplier, nation where ps_suppkey = s_suppkey and s_nationkey = n_nationkey and n_name = 'GERMANY' ) order by ""value"" desc;",2024-02-14 11:36:52.456926,2024-02-14 11:36:52.4997,0,0,0
100,1073247,default,493541,1073741998,dev,"CREATE TEMP TABLE volt_tt_61155ed667ca4(l_suppkey, col1) AS SELECT public.lineitem.l_suppkey, SUM(public.lineitem.l_extendedprice * (1 - public.lineitem.l_discount)) FROM public.lineitem WHERE public.lineitem.l_shipdate < add_months( date '1996-07-01', 3 ) AND public.lineitem.l_shipdate >= date '1996-07-01' GROUP BY 1;",2024-02-14 11:36:53.08232,2024-02-14 11:36:53.108914,0,0,0
100,1073256,default,493543,1073741998,dev,"select sum(l_extendedprice) / 7.0 as avg_yearly from lineitem, part where p_partkey = l_partkey and p_brand = 'Brand#35' and p_container = 'WRAP PKG' and l_quantity < ( select 0.2 * avg(l_quantity) from lineitem where l_partkey = p_partkey );",2024-02-14 11:36:53.474195,2024-02-14 11:36:53.562549,0,0,0
100,1073266,default,493546,1073741998,dev,padb_fetch_sample: select p_partkey from volt_tt_61155ed7c6ff6,2024-02-14 11:36:54.551425,2024-02-14 11:36:54.563567,0,0,3
100,1073274,default,493547,1073741998,dev,"CREATE TEMP TABLE volt_tt_61155ed7fdc19(l_orderkey, l_suppkey) AS (SELECT volt_tt_61155ed7fd1d1.l_orderkey, volt_tt_61155ed7fd1d1.l_suppkey FROM public.lineitem AS l2, volt_tt_61155ed7fd1d1 WHERE l2.l_suppkey <> volt_tt_61155ed7fd1d1.l_suppkey AND l2.l_orderkey = volt_tt_61155ed7fd1d1.l_orderkey) EXCEPT DISTINCT (SELECT volt_tt_61155ed7fd1d1.l_orderkey, volt_tt_61155ed7fd1d1.l_suppkey FROM public.lineitem AS l3, volt_tt_61155ed7fd1d1 WHERE l3.l_commitdate < l3.l_receiptdate AND l3.l_suppkey <> volt_tt_61155ed7fd1d1.l_suppkey AND l3.l_orderkey = volt_tt_61155ed7fd1d1.l_orderkey);",2024-02-14 11:36:54.981802,2024-02-14 11:36:55.229013,0,0,33
100,1073283,default,493552,1073741998,dev,"select l_returnflag, l_linestatus, sum(l_quantity) as sum_qty, sum(l_extendedprice) as sum_base_price, sum(l_extendedprice * (1 - l_discount)) as sum_disc_price, sum(l_extendedprice * (1 - l_discount) * (1 + l_tax)) as sum_charge, avg(l_quantity) as avg_qty, avg(l_extendedprice) as avg_price, avg(l_discount) as avg_disc, count(*) as count_order from lineitem where l_shipdate <= '1998-12-01'::date - 62::int group by l_returnflag, l_linestatus order by l_returnflag, l_linestatus;",2024-02-14 11:36:55.600481,2024-02-14 11:36:55.877971,0,0,0
100,1073295,default,493556,1073741998,dev,"select n_name, sum(l_extendedprice * (1 - l_discount)) as revenue from customer, orders, lineitem, supplier, nation, region where c_custkey = o_custkey and l_orderkey = o_orderkey and l_suppkey = s_suppkey and c_nationkey = s_nationkey and s_nationkey = n_nationkey and n_regionkey = r_regionkey and r_name = 'ASIA' and o_orderdate >= '1995-01-01'::date and o_orderdate < dateadd(year, 1, '1995-01-01'::date) group by n_name order by revenue desc;",2024-02-14 11:36:56.344043,2024-02-14 11:36:56.460051,0,0,0
100,1073307,default,493560,1073741998,dev,"select nation, o_year, sum(amount) as sum_profit from ( select n_name as nation, extract(year from o_orderdate) as o_year, l_extendedprice * (1 - l_discount) - ps_supplycost * l_quantity as amount from part, supplier, lineitem, partsupp, orders, nation where s_suppkey = l_suppkey and ps_suppkey = l_suppkey and ps_partkey = l_partkey and p_partkey = l_partkey and o_orderkey = l_orderkey and s_nationkey = n_nationkey and p_name like '%' || 'grey' || '%' ) as profit group by nation, o_year order by nation, o_year desc;",2024-02-14 11:36:56.948481,2024-02-14 11:36:57.390635,0,0,0
100,1073319,default,493564,1073741998,dev,"select c_count, count(*) as custdist from ( select c_custkey, count(o_orderkey) c_count from customer left outer join orders on c_custkey = o_custkey and o_comment not like '%' || 'special' || '%' || 'requests' || '%' group by c_custkey ) as c_orders group by c_count order by custdist desc, c_count desc;",2024-02-14 11:36:57.822826,2024-02-14 11:36:58.122374,0,0,0
100,1073328,default,493566,1073741998,dev,"with revenue as ( select l_suppkey as supplier_no, sum(l_extendedprice * (1 - l_discount)) as total_revenue from lineitem where l_shipdate >= '1993-05-01'::date and l_shipdate < add_months('1993-05-01'::date, 3) group by l_suppkey) select s_suppkey, s_name, s_address, s_phone, total_revenue from supplier, revenue where s_suppkey = supplier_no and total_revenue = ( select max(total_revenue) from revenue ) order by s_suppkey;",2024-02-14 11:36:58.326431,2024-02-14 11:36:58.344548,0,0,33
